Symbol,Ma ISIN,Ma FIGI,Ten DN Niem Yet,KL dang ky NY,KLLH,Date,Sector
AAA,VN000000AAA4,BBG000BB42R4,Công ty Cổ phần Nhựa An Phát Xanh,"382.274.496,00","382.274.496,00",6/10/16,
AAM,VN000000AAM9,BBG000PDD0V4,Công ty Cổ phần Thủy sản Mekong,"12.346.411,00","10.451.182,00",13/07/2009,
AAT,VN000000AAT4,BBG00YQ95PD2,Công ty Cổ phần Tập đoàn Tiên Sơn Thanh Hóa,"70.819.103,00","70.819.103,00",29/12/2020,
ABR,VN000000ABR6,BBG00L3G3992,Công ty Cổ phần Đầu tư Nhãn hiệu Việt,"20.000.000,00","20.000.000,00",24/12/2021,
ABS,VN000000ABS4,BBG00R8768Y5,Công ty Cổ phần Dịch vụ Nông nghiệp Bình Thuận,"80.000.000,00","80.000.000,00",27/12/2019,
ABT,VN000000ABT2,BBG000QMW140,Công ty Cổ phần Xuất nhập khẩu Thủy sản Bến Tre,"14.387.207,00","11.777.257,00",6/12/06,
ACB,VN000000ACB8,BBG000GYWBW2,Ngân hàng Thương mại Cổ phần Á Châu,"3.884.050.358,00","3.884.050.358,00",20/11/2020,
ACC,VN000000ACC6,BBG000Q0SR00,Công ty Cổ phần Đầu tư và Xây dựng Bình Dương ACC,"104.999.993,00","104.999.993,00",17/06/2011,
ACG,VN000000ACG7,BBG011Z1FN17,Công ty Cổ phần Gỗ An Cường,"150.787.946,00","150.778.346,00",25/08/2022,
ACL,VN000000ACL7,BBG000SW6J73,Công ty Cổ phần Xuất Nhập Khẩu Thủy sản Cửu Long An Giang,"50.159.019,00","50.159.019,00",23/08/2007,
ADG,VN000000ADG5,BBG00R287D22,Công ty Cổ phần Clever Group,"21.380.521,00","21.380.521,00",28/12/2020,
ADP,VN000000ADP6,BBG000Q8Y3B7,Công ty Cổ phần Sơn Á Đông,"23.039.850,00","23.039.850,00",29/06/2023,
ADS,VN000000ADS0,BBG00D60X6Z6,Công ty Cổ phần Damsan,"50.779.034,00","58.394.727,00",22/06/2016,
AGG,VN000000AGG8,BBG00R4CKMT7,Công ty Cổ phần Đầu tư và Phát triển Bất động sản An Gia,"125.118.368,00","125.118.368,00",17/12/2019,
AGM,VN000000AGM6,BBG003NWY9K8,Công ty Cổ phần Xuất Nhập Khẩu An Giang,"18.200.000,00","18.200.000,00",14/09/2012,
AGR,VN000000AGR5,BBG000PZH6N7,Công ty Cổ phần Chứng khoán Agribank,"215.391.309,00","215.391.262,00",2/12/09,
AMD,VN000000AMD3,BBG007GTX408,Công ty Cổ phần Đầu tư và Khoáng sản FLC Stone,"0,00","163.504.874,00",8/6/15,
ANV,VN000000ANV3,BBG000P3VMH4,Công ty Cổ phần Nam Việt,"133.539.625,00","133.127.875,00",28/11/2007,
APC,VN000000APC8,BBG000Q921W1,Công ty Cổ phần Chiếu xạ An Phú,"20.121.395,00","19.905.025,00",22/01/2010,
APG,VN000000APG9,BBG000D4JBN6,Công ty Cổ phần Chứng khoán APG,"146.306.612,00","146.306.612,00",23/09/2016,
APH,VN000000APH7,BBG00W4LTXR5,Công ty Cổ phần Tập đoàn An Phát Holdings,"243.884.268,00","243.884.268,00",14/07/2020,
ASG,VN000000ASG3,BBG00W7CVXM4,Công ty Cổ phần Tập đoàn ASG,"75.653.891,00","75.653.891,00",17/07/2020,
ASM,VN000000ASM1,BBG0014KNPM3,Công ty Cổ phần Tập đoàn Sao Mai,"336.526.752,00","336.526.752,00",24/12/2009,
ASP,VN000000ASP4,BBG000VBSQK0,Công ty Cổ phần Tập đoàn Dầu khí An Pha,"37.339.929,00","37.339.542,00",1/2/08,
AST,VN000000AST6,BBG00JM8H178,Công ty Cổ phần Dịch vụ Hàng không Taseco,"45.000.000,00","45.000.000,00",26/12/2017,
BAF,VN000000BAF1,BBG013T7PJ15,Công ty Cổ phần Nông nghiệp BAF Việt Nam,"143.520.000,00","143.520.000,00",24/11/2021,
BBC,VN000000BBC6,BBG000M98XM0,Công ty Cổ phần BIBICA,"18.752.687,00","18.752.687,00",17/12/2001,
BCE,VN000000BCE0,BBG000R2F295,Công ty Cổ phần Xây dựng và Giao thông Bình Dương,"35.000.000,00","35.000.000,00",15/06/2010,
BCG,VN000000BCG5,BBG009L07188,Công ty Cổ phần Tập đoàn Bamboo Capital,"533.467.622,00","533.467.622,00",8/7/15,
BCM,VN000000BCM3,BBG00K26M6H3,Tổng Công ty Đầu tư và Phát triển Công nghiệp - CTCP,"1.035.000.000,00","1.035.000.000,00",31/07/2020,
BFC,VN000000BFC7,BBG0017Z0D76,Công ty Cổ phần Phân bón Bình Điền,"57.167.993,00","57.167.993,00",27/08/2015,
BHN,VN000000BHN0,BBG00F335DJ2,Tổng Công ty Cổ phần Bia – Rượu – Nước giải khát Hà Nội,"231.800.000,00","231.800.000,00",30/12/2016,
BIC,VN000000BIC1,BBG001YSZ884,Tổng Công ty Bảo hiểm Ngân hàng Đầu tư và Phát triển Việt Nam,"117.276.895,00","117.276.895,00",20/06/2011,
BID,VN000000BID9,BBG002CV4JP0,Ngân hàng Thương mại Cổ phần Đầu tư và Phát triển Việt Nam,"5.058.523.816,00","5.058.523.816,00",16/01/2014,
BKG,VN000000BKG8,BBG00YN5C6J1,Công ty Cổ phần Đầu tư BKG Việt Nam,"68.199.983,00","68.199.983,00",21/12/2020,
BMC,VN000000BMC3,BBG000QMW3B8,Công ty Cổ phần Khoáng sản Bình Định,"12.392.630,00","12.392.630,00",12/12/06,
BMI,VN000000BMI0,BBG000QFQKS4,Tổng Công ty Cổ phần Bảo Minh,"109.623.985,00","109.623.985,00",11/4/08,
BMP,VN000000BMP5,BBG000PV15F4,Công ty Cổ phần Nhựa Bình Minh,"81.860.938,00","81.860.938,00",12/6/06,
BRC,VN000000BRC2,BBG0029S6WT6,Công ty Cổ phần Cao su Bến Thành,"12.374.997,00","12.374.997,00",27/10/2011,
BSI,VN000000BSI7,BBG001WRYLB6,Công ty Cổ phần Chứng khoán BIDV,"202.783.127,00","202.277.467,00",13/07/2011,
BTP,VN000000BTP0,BBG000D2C0D2,Công ty Cổ phần Nhiệt điện Bà Rịa,"60.485.600,00","60.485.600,00",17/11/2009,
BTT,VN000000BTT2,BBG000QK8WN2,Công ty Cổ phần Thương mại – Dịch vụ Bến Thành,"13.500.000,00","13.500.000,00",4/3/10,
BVH,VN000000BVH3,BBG000N1D3C7,Tập đoàn Bảo Việt,"742.322.764,00","742.322.764,00",16/06/2009,
BWE,VN000000BWE8,BBG00H3MN8Z9,Công ty Cổ phần - Tổng Công ty Nước – Môi trường Bình Dương,"192.920.000,00","192.920.000,00",5/7/17,
C32,VN000000C325,BBG00161YQ67,Công ty Cổ phần CIC39,"15.030.145,00","15.030.145,00",6/9/12,
C47,VN000000C473,BBG001LQT7H1,Công ty Cổ phần Xây dựng 47,"33.039.061,00","33.039.061,00",21/03/2011,
CAV,VN000000CAV6,BBG007GFJDV0,Công ty Cổ phần Dây cáp điện Việt Nam,"57.600.000,00","57.489.430,00",28/10/2014,
CCI,VN000000CCI9,BBG000QQTLJ5,Công ty Cổ phần Đầu tư Phát triển Công nghiệp Thương mại Củ Chi,"17.743.865,00","17.541.105,00",7/4/10,
CCL,VN000000CCL3,BBG001J682G3,Công ty Cổ phần Đầu tư và Phát triển Đô thị Dầu khí Cửu Long,"53.199.579,00","53.199.579,00",21/01/2011,
CDC,VN000000CDC0,BBG000TS9159,Công ty Cổ phần Chương Dương,"21.988.716,00","21.988.716,00",27/08/2010,
CHP,VN000000CHP3,BBG000QR8VJ4,Công ty Cổ phần Thủy điện Miền Trung,"146.912.668,00","146.912.668,00",10/8/16,
CIG,VN000000CIG0,BBG001VHQTV9,Công ty Cổ phần COMA18,"31.539.947,00","31.539.947,00",1/7/11,
CII,VN000000CII6,BBG000PM3W81,Công ty Cổ phần Đầu tư Hạ tầng Kỹ thuật TP.HCM,"284.019.513,00","284.019.513,00",24/02/2006,
CKG,VN000000CKG6,BBG00HY73BZ3,Công ty Cổ phần Tập đoàn Tư vấn Đầu tư Xây dựng Kiên Giang,"95.259.361,00","95.259.361,00",27/12/2019,
CLC,VN000000CLC3,BBG000PT3N95,Công ty Cổ phần Cát Lợi,"26.207.583,00","26.207.583,00",18/10/2006,
CLL,VN000000CLL4,BBG005S5V9Z4,Công ty Cổ phần Cảng Cát Lái,"34.000.000,00","34.000.000,00",19/05/2014,
CLW,VN000000CLW1,BBG001CW14L0,Công ty Cổ phần Cấp nước Chợ Lớn,"13.000.000,00","13.000.000,00",20/10/2010,
CMG,VN000000CMG2,BBG000Q6C4X9,Công ty Cổ phần Tập đoàn Công nghệ CMC,"150.596.032,00","150.596.032,00",13/01/2010,
CMV,VN000000CMV1,BBG000R2F749,Công ty Cổ phần Thương nghiệp Cà Mau,"18.155.868,00","18.155.868,00",9/6/10,
CMX,VN000000CMX7,BBG0018J9MT8,Công ty Cổ phần Camimex Group,"101.898.990,00","101.898.990,00",2/11/10,
CNG,VN000000CNG0,BBG002862FH9,Công ty Cổ phần CNG Việt Nam,"27.000.000,00","35.099.298,00",14/11/2011,
COM,VN000000COM6,BBG000Q07Q78,Công ty Cổ phần Vật tư - Xăng dầu,"14.120.628,00","14.120.628,00",12/5/06,
CRC,VN000000CRC0,BBG00LPH5CG9,Công ty Cổ phần Create Capital Việt Nam,"30.000.000,00","30.000.000,00",7/8/18,
CRE,VN000000CRE6,BBG00LPMQ589,Công ty Cổ phần Bất động sản Thế Kỷ,"463.678.534,00","463.678.426,00",10/8/18,
CSM,VN000000CSM7,BBG000BMBBG4,Công ty Cổ phần Công nghiệp Cao su Miền Nam,"103.626.467,00","103.625.262,00",4/8/09,
CSV,VN000000CSV8,BBG00560N050,Công ty Cổ phần Hóa chất cơ bản miền Nam,"44.200.000,00","44.200.000,00",24/02/2015,
CTD,VN000000CTD4,BBG000JWQL67,Công ty Cổ phần Xây dựng COTECCONS,"78.830.800,00","74.414.258,00",9/12/09,
CTF,VN000000CTF9,BBG00GQ45DG6,Công ty Cổ phần City Auto,"79.818.419,00","79.818.419,00",11/5/17,
CTG,VN000000CTG7,BBG000CYF2P3,Ngân hàng Thương mại Cổ phần Công Thương Việt Nam,"4.805.750.609,00","4.805.750.609,00",9/7/09,
CTI,VN000000CTI3,BBG000QD0001,Công ty Cổ phần Đầu tư Phát triển Cường Thuận IDICO,"62.999.997,00","54.799.997,00",10/2/10,
CTR,VN000000CTR4,BBG00J25X052,Tổng Công ty Cổ phần Công trình Viettel,"114.385.879,00","114.385.879,00",27/12/2021,
CTS,VN000000CTS2,BBG000NPLGW4,Công ty Cổ phần Chứng khoán Ngân hàng Công Thương Việt Nam,"148.738.311,00","148.701.349,00",13/06/2017,
CVT,VN000000CVT6,BBG000Q9KQS1,Công ty Cổ phần CMC,"36.690.887,00","36.690.887,00",25/09/2017,
D2D,VN000000D2D0,BBG000RSQZC9,Công ty Cổ phần Phát triển Đô thị Công nghiệp số 2,"30.304.758,00","30.259.742,00",24/06/2009,
DAG,VN000000DAG5,BBG000QMJMD9,Công ty Cổ phần Tập đoàn Nhựa Đông Á,"60.314.112,00","60.312.128,00",1/3/10,
DAH,VN000000DAH3,BBG00DXBD7V6,Công ty Cổ phần Tập đoàn Khách sạn Đông Á,"84.200.000,00","84.200.000,00",30/09/2016,
DAT,VN000000DAT8,BBG009LKLCL9,Công ty Cổ phần Đầu tư Du lịch và Phát triển Thủy sản,"62.935.104,00","62.935.104,00",6/10/15,
DBC,VN000000DBC2,BBG000TDDSL0,Công ty Cổ phần Tập đoàn DABACO Việt Nam,"242.001.859,00","242.001.859,00",8/7/19,
DBD,VN000000DBD0,BBG00DK7HNN9,Công ty Cổ phần Dược - Trang thiết bị Y tế Bình Định,"74.883.559,00","74.843.474,00",24/05/2018,
DBT,VN000000DBT6,BBG000TFWS70,Công ty Cổ phần Dược phẩm Bến Tre,"15.625.477,00","15.625.477,00",4/8/20,
DC4,VN000000DC49,BBG000K04QW9,Công ty Cổ phần Xây dựng DIC Holdings,"52.499.723,00","52.499.723,00",4/9/20,
DCL,VN000000DCL1,BBG000CTDG48,Công ty Cổ phần Dược phẩm Cửu Long,"73.041.030,00","73.041.030,00",3/9/08,
DCM,VN000000DCM9,BBG008D1PSP9,Công ty Cổ phần Phân bón Dầu khí Cà Mau,"529.400.000,00","529.400.000,00",20/03/2015,
DGC,VN000000DGC1,BBG003QTZ0W7,Công ty Cổ phần Tập đoàn Hóa chất Đức Giang,"379.779.286,00","379.778.413,00",7/7/20,
DGW,VN000000DGW9,BBG009PTZWQ2,Công ty Cổ phần Thế Giới Số,"163.224.443,00","167.072.974,00",24/07/2015,
DHA,VN000000DHA3,BBG000MC1S96,Công ty Cổ phần Hóa An,"15.119.946,00","14.726.073,00",12/4/04,
DHC,VN000000DHC9,BBG000NDCKV3,Công ty Cổ phần Đông Hải Bến Tre,"80.493.048,00","80.493.048,00",18/06/2009,
DHG,VN000000DHG0,BBG000QKBYX3,Công ty Cổ phần Dược Hậu Giang,"130.746.071,00","130.746.071,00",1/12/06,
DHM,VN000000DHM8,BBG0036JDQP6,Công ty Cổ phần Thương mại & Khai thác Khoáng sản Dương Hiếu,"31.396.180,00","31.396.180,00",11/7/12,
DIG,VN000000DIG8,BBG000TW9MF3,Tổng Công ty Cổ phần Đầu tư Phát triển Xây dựng,"609.851.995,00","609.851.995,00",12/8/09,
DLG,VN000000DLG2,BBG000R1SL00,Công ty Cổ phần Tập đoàn Đức Long Gia Lai,"299.309.720,00","299.309.720,00",14/06/2010,
DMC,VN000000DMC9,BBG000QMW7W6,Công ty Cổ phần Xuất nhập khẩu Y tế DOMESCO,"34.727.465,00","34.727.465,00",4/12/06,
DPG,VN000000DPG3,BBG00FPG7YB9,Công ty Cổ phần Tập đoàn Đạt Phương,"62.999.554,00","62.999.554,00",9/5/18,
DPM,VN000000DPM1,BBG000TSXTT5,Tổng Công ty Phân bón và Hóa chất Dầu khí - Công ty Cổ phần,"391.400.000,00","391.334.260,00",29/10/2007,
DPR,VN000000DPR0,BBG000TZK061,Công ty Cổ phần Cao su Đồng Phú,"43.442.966,00","43.442.966,00",22/11/2007,
DQC,VN000000DQC0,BBG000VBYTB7,Công ty Cổ phần Tập đoàn Điện Quang,"34.359.416,00","27.558.066,00",14/02/2008,
DRC,VN000000DRC8,BBG000QN52T9,Công ty Cổ phần Cao su Đà Nẵng,"118.792.605,00","118.792.605,00",28/11/2006,
DRH,VN000000DRH7,BBG000BDM3V3,Công ty Cổ phần DRH Holdings,"124.353.866,00","123.707.866,00",13/07/2010,
DRL,VN000000DRL9,BBG002VQBZ67,Công ty Cổ phần Thủy điện - Điện lực 3,"9.500.000,00","9.500.000,00",30/03/2012,
DSN,VN000000DSN3,BBG00176QLZ3,Công ty Cổ phần Công viên nước Đầm Sen,"12.083.009,00","12.083.009,00",17/09/2010,
DTA,VN000000DTA8,BBG000BBD4Z1,Công ty Cổ phần Đệ Tam,"18.059.832,00","18.059.832,00",30/06/2010,
DTL,VN000000DTL5,BBG000QZFN51,Công ty Cổ phần Đại Thiên Lộc,"61.435.604,00","60.630.984,00",28/05/2010,
DTT,VN000000DTT8,BBG000QMCPM9,Công ty Cổ phần Kỹ nghệ Đô Thành,"8.151.820,00","8.151.820,00",6/12/06,
DVP,VN000000DVP2,BBG000PXY2N2,Công ty Cổ phần Đầu tư và Phát triển Cảng Đình Vũ,"40.000.000,00","40.000.000,00",24/11/2009,
DXG,VN000000DXG7,BBG000Q1XBH9,Công ty Cổ phần Tập đoàn Đất Xanh,"611.779.002,00","610.031.516,00",14/12/2009,
DXS,VN000000DXS2,BBG0118RBF48,Công ty Cổ phần Dịch vụ Bất động sản Đất Xanh,"453.122.377,00","453.122.377,00",25/06/2021,
DXV,VN000000DXV6,BBG000BM0Y49,Công ty Cổ phần Vicem Vật liệu Xây dựng Đà Nẵng,"9.900.000,00","9.900.000,00",24/01/2008,
EIB,VN000000EIB7,BBG000DB3L28,Ngân hàng Thương mại Cổ phần Xuất Nhập khẩu Việt Nam,"1.481.404.859,00","1.475.314.859,00",20/10/2009,
ELC,VN000000ELC9,BBG00174Z5S1,Công ty Cổ phần Công nghệ - Viễn thông ELCOM,"58.778.843,00","58.778.843,00",5/10/10,
EVE,VN000000EVE4,BBG001B06374,Công ty Cổ phần Everpia,"41.979.773,00","41.979.773,00",30/11/2010,
EVF,VN000000EVF1,BBG00LLLH0T3,Công ty Tài chính Cổ phần Điện lực,"351.064.031,00","351.064.031,00",21/12/2021,
EVG,VN000000EVG9,BBG00GTSZQV1,Công ty Cổ phần Tập đoàn Everland,"215.249.836,00","215.249.836,00",26/05/2017,
FCM,VN000000FCM4,BBG004JVFZG1,Công ty Cổ phần Khoáng sản FECON,"45.099.969,00","45.099.969,00",8/5/13,
FCN,VN000000FCN2,BBG0036S09C2,Công ty Cổ phần FECON,"157.439.005,00","157.439.005,00",18/07/2012,
FDC,VN000000FDC3,BBG000Q54S85,Công ty Cổ phần Ngoại thương và Phát triển Đầu tư Thành phố Hồ Chí Minh,"38.629.988,00","38.623.488,00",25/12/2009,
FIR,VN000000FIR0,BBG00M6GVQ34,Công ty Cổ phần Địa ốc First Real,"64.245.281,00","64.245.281,00",4/10/18,
FIT,VN000000FIT6,BBG009RRQXY3,Công ty Cổ phần Tập đoàn F.I.T,"339.933.034,00","339.933.034,00",7/8/15,
FLC,VN000000FLC6,BBG0024L5Y77,Công ty Cổ phần Tập đoàn FLC,"0,00","709.997.807,00",29/07/2013,
FMC,VN000000FMC4,BBG000QF0PB9,Công ty Cổ phần Thực phẩm Sao Ta,"65.388.889,00","65.388.889,00",20/10/2006,
FPT,VN000000FPT1,BBG000PMZKF4,Công ty Cổ phần FPT,"1.269.968.875,00","1.269.968.875,00",21/11/2006,
FRT,VN000000FRT7,BBG00FF5Y0Y3,Công ty Cổ phần Bán lẻ Kỹ thuật số FPT,"136.242.389,00","136.242.389,00",17/04/2018,
FTS,VN000000FTS5,BBG00FQJG160,Công ty Cổ phần Chứng khoán FPT,"214.564.987,00","214.564.987,00",5/1/17,
GAB,VN000000GAB9,BBG00PNKPT85,Công ty Cổ phần Đầu tư Khai khoáng & Quản lý Tài sản FLC,"0,00","14.903.987,00",3/7/19,
GAS,VN000000GAS3,BBG002YWXH58,Tổng Công ty Khí Việt Nam - Công ty Cổ phần,"1.913.950.000,00","1.913.950.000,00",27/04/2012,
GDT,VN000000GDT5,BBG0014KNPB5,Công ty Cổ phần Chế biến Gỗ Đức Thành,"21.561.092,00","21.167.382,00",3/11/09,
GEG,VN000000GEG0,BBG000BC1CJ2,Công ty Cổ phần Điện Gia Lai,"341.249.401,00","341.249.401,00",28/08/2019,
GEX,VN000000GEX5,BBG00B8G4SB3,Công ty Cổ phần Tập đoàn GELEX,"851.495.793,00","851.495.793,00",28/12/2017,
GIL,VN000000GIL1,BBG000BTBGW0,Công ty Cổ phần Sản xuất Kinh doanh Xuất nhập khẩu Bình Thạnh,"70.000.000,00","69.999.286,00",28/12/2001,
GMC,VN000000GMC2,BBG000QMCRB7,Công ty Cổ phần Garmex Sài Gòn,"33.000.259,00","32.950.999,00",6/12/06,
GMD,VN000000GMD0,BBG000MB9VF6,Công ty Cổ phần GEMADEPT,"301.377.957,00","301.377.957,00",8/3/02,
GMH,VN000000GMH1,BBG014C267M6,Công ty Cổ phần Minh Hưng Quảng Trị,"16.500.000,00","16.500.000,00",30/12/2021,
GSP,VN000000GSP1,BBG002MZL6Z8,Công ty Cổ phần Vận tải Sản phẩm Khí Quốc tế,"55.799.445,00","55.799.445,00",20/12/2011,
GTA,VN000000GTA1,BBG000RPVCR4,Công ty Cổ phần Chế biến Gỗ Thuận An,"10.400.000,00","9.830.000,00",4/7/07,
GVR,VN000000GVR1,BBG00HPGJ419,Tập đoàn Công nghiệp Cao su Việt Nam - Công ty Cổ phần,"4.000.000.000,00","4.000.000.000,00",30/12/2019,
HAG,VN000000HAG6,BBG000GCXX42,Công ty Cổ phần Hoàng Anh Gia Lai,"927.467.947,00","927.399.283,00",15/12/2008,
HAH,VN000000HAH4,BBG007N114K4,Công ty Cổ phần Vận tải và Xếp dỡ Hải An,"70.344.667,00","105.516.881,00",21/01/2015,
HAI,VN000000HAI2,BBG000QR0CM0,Công ty Cổ phần Nông dược HAI,"0,00","182.682.799,00",7/4/10,
HAP,VN000000HAP7,BBG000M98RP0,Công ty Cổ phần Tập đoàn HAPACO,"111.097.772,00","110.942.302,00",2/8/00,
HAR,VN000000HAR3,BBG003TMM2R5,Công ty Cổ phần Đầu tư Thương mại Bất động sản An Dương Thảo Điền,"101.350.100,00","95.684.090,00",10/1/13,
HAS,VN000000HAS1,BBG000M992T0,Công ty Cổ phần HACISCO,"8.000.000,00","7.800.000,00",18/12/2002,
HAX,VN000000HAX1,BBG000QMW9W2,Công ty Cổ phần Dịch vụ Ô tô Hàng Xanh,"89.927.565,00","89.927.565,00",13/12/2006,
HBC,VN000000HBC3,BBG000QMWDZ0,Công ty Cổ phần Tập đoàn Xây dựng Hòa Bình,"274.133.270,00","274.133.270,00",22/11/2006,
HCD,VN000000HCD9,BBG00D74VBV2,Công ty Cổ phần Đầu tư Sản xuất và Thương mại HCD,"31.589.802,00","31.589.802,00",27/06/2016,
HCM,VN000000HCM0,BBG000LWFW71,Công ty Cổ phần Chứng khoán Thành phố Hồ Chí Minh,"458.052.367,00","457.211.949,00",20/04/2009,
HDB,VN000000HDB1,BBG00CMXYXS6,Ngân hàng TMCP Phát triển Thành phố Hồ Chí Minh,"2.530.342.922,00","2.892.550.610,00",25/12/2017,
HDC,VN000000HDC9,BBG000NW6P10,Công ty Cổ phần Phát triển nhà Bà Rịa – Vũng Tàu,"135.104.881,00","135.104.881,00",25/09/2007,
HDG,VN000000HDG0,BBG000Q6YVS1,Công ty Cổ phần Tập đoàn Hà Đô,"244.605.898,00","305.756.841,00",19/01/2010,
HHP,VN000000HHP2,BBG00KZSM5H1,Công ty Cổ phần HHP Global,"62.023.810,00","62.023.810,00",24/12/2020,
HHS,VN000000HHS6,BBG002BCDV21,Công ty Cổ phần Đầu tư Dịch vụ Hoàng Huy,"347.160.713,00","347.160.713,00",13/12/2011,
HHV,VN000000HHV0,BBG00BMGSPH1,Công ty Cổ phần Đầu tư Hạ tầng Giao thông Đèo Cả,"329.350.351,00","329.350.351,00",23/12/2021,
HID,VN000000HID6,BBG00D621W35,Công ty Cổ phần Halcom Việt Nam,"76.765.032,00","76.756.321,00",22/06/2016,
HII,VN000000HII5,BBG00GXSCL33,Công ty Cổ phần An Tiến Industries,"73.663.016,00","73.663.016,00",14/06/2017,
HMC,VN000000HMC0,BBG000QGPPT1,Công ty Cổ phần Kim khí Thành phố Hồ Chí Minh - Vnsteel,"27.299.999,00","27.299.999,00",28/11/2006,
HNG,VN000000HNG9,BBG009L960Q2,Công ty Cổ phần Nông nghiệp Quốc tế Hoàng Anh Gia Lai,"1.108.553.895,00","1.108.553.895,00",10/7/15,
HPG,VN000000HPG4,BBG000TX8HK7,Công ty Cổ phần Tập đoàn Hòa Phát,"5.814.785.700,00","5.814.785.700,00",31/10/2007,
HPX,VN000000HPX9,BBG00LC37SN9,Công ty Cổ phần Đầu tư Hải Phát,"304.168.581,00","304.168.581,00",2/7/18,
HQC,VN000000HQC1,BBG0017BN2P8,Công ty Cổ phần Tư vấn – Thương mại – Dịch vụ Địa ốc Hoàng Quân,"476.600.000,00","476.599.274,00",12/10/10,
HRC,VN000000HRC9,BBG000QMWGG4,Công ty Cổ phần Cao su Hòa Bình,"30.206.622,00","30.206.622,00",22/11/2006,
HSG,VN000000HSG8,BBG000KFK260,Công ty Cổ phần Tập đoàn Hoa Sen,"615.982.309,00","615.982.309,00",5/11/08,
HSL,VN000000HSL8,BBG00KTLQ6S5,Công ty Cổ phần Đầu tư Phát triển Thực phẩm Hồng Hà,"35.383.508,00","35.383.508,00",26/04/2018,
HT1,VN000000HT12,BBG000R4N2Q3,Công ty Cổ phần Xi măng VICEM Hà Tiên,"381.589.911,00","381.589.911,00",31/10/2007,
HTI,VN000000HTI2,BBG001BCVZT5,Công ty Cổ phần Đầu tư Phát triển Hạ tầng IDICO,"24.949.200,00","24.949.200,00",9/12/10,
HTL,VN000000HTL6,BBG001CS5BM8,Công ty Cổ phần Kỹ thuật và Ô tô Trường Long,"12.000.000,00","12.000.000,00",19/10/2010,
HTN,VN000000HTN2,BBG00MCMKBT1,Công ty Cổ phần Hưng Thịnh Incons,"89.116.411,00","89.116.411,00",24/10/2018,
HTV,VN000000HTV5,BBG000LNF026,Công ty Cổ phần Logistics Vicem,"13.104.000,00","13.104.000,00",7/12/05,
HU1,VN000000HU19,BBG000QY0HP1,Công ty Cổ phần Đầu tư và Xây dựng HUD1,"10.000.000,00","10.000.000,00",20/10/2011,
HUB,VN000000HUB5,BBG00MV79J28,Công ty Cổ phần Xây lắp Thừa Thiên Huế,"22.868.395,00","22.868.395,00",18/12/2018,
HVH,VN000000HVH0,BBG00MNF1XJ8,Công ty Cổ phần Đầu tư và Công nghệ HVC,"40.644.830,00","40.644.830,00",20/11/2018,
HVN,VN000000HVN8,BBG000FWLXH8,Tổng Công ty Hàng không Việt Nam - CTCP,"2.214.394.174,00","2.214.394.174,00",11/4/19,
HVX,VN000000HVX7,BBG001657S00,Công ty Cổ phần Xi măng Vicem Hải Vân,"38.525.250,00","41.525.250,00",31/08/2010,
IBC,VN000000IBC1,BBG00F0Z7590,Công ty Cổ phần Đầu tư Apax Holdings,"83.150.661,00","83.150.661,00",6/12/17,
ICT,VN000000ICT3,BBG00R877KS4,Công ty Cổ phần Viễn thông - Tin học Bưu điện,"32.185.000,00","32.185.000,00",27/12/2019,
IDI,VN000000IDI4,BBG001PNKMN3,Công ty Cổ phần Đầu tư và Phát triển Đa Quốc Gia I.D.I,"227.644.608,00","227.644.608,00",17/05/2011,
IJC,VN000000IJC4,BBG000QQTP88,Công ty Cổ phần Phát triển Hạ tầng Kỹ thuật,"251.832.509,00","251.832.509,00",5/4/10,
ILB,VN000000ILB2,BBG00P364146,Công ty Cổ phần ICD Tân Cảng - Long Bình,"24.502.245,00","24.502.245,00",7/5/19,
IMP,VN000000IMP0,BBG000PP6BN0,Công ty Cổ phần Dược phẩm Imexpharm,"66.705.370,00","66.671.570,00",15/11/2006,
ITA,VN000000ITA7,BBG000QBN527,Công ty Cổ phần Đầu tư và Công nghiệp Tân Tạo,"938.463.607,00","938.321.575,00",11/1/06,
ITC,VN000000ITC3,BBG000JVZX09,Công ty Cổ phần Đầu tư - Kinh doanh Nhà,"96.375.409,00","95.935.049,00",24/09/2009,
ITD,VN000000ITD1,BBG000C9CP98,Công ty Cổ phần Công nghệ Tiên Phong,"24.533.591,00","24.461.403,00",13/12/2011,
JVC,VN000000JVC7,BBG001QQZ3M2,Công ty Cổ phần Đầu tư và Phát triển Y tế Việt Nhật,"112.500.171,00","112.500.171,00",1/6/11,
KBC,VN000000KBC7,BBG000V13PS3,Tổng Công ty Phát triển Đô Thị Kinh Bắc – Công ty Cổ phần,"767.604.759,00","767.604.759,00",7/12/09,
KDC,VN000000KDC3,BBG000LNDMG5,Công ty Cổ phần Tập đoàn Kido,"279.741.356,00","257.224.010,00",18/11/2005,
KDH,VN000000KDH2,BBG000Q7Z3Y3,Công ty Cổ phần Đầu tư và Kinh doanh Nhà Khang Điền,"716.829.995,00","716.829.995,00",21/01/2010,
KHG,VN000000KHG5,BBG011C16TP3,Công ty Cổ phần Tập đoàn Khải Hoàn Land,"449.435.205,00","449.435.205,00",30/06/2021,
KHP,VN000000KHP6,BBG000QG6927,Công ty Cổ phần Điện lực Khánh Hòa,"60.405.967,00","58.905.967,00",8/12/06,
KMR,VN000000KMR2,BBG000BV0GH4,Công ty Cổ phần MIRAE,"56.881.443,00","56.877.807,00",23/06/2008,
KOS,VN000000KOS6,BBG00JF29HX4,Công ty Cổ phần KOSY,"216.481.335,00","216.481.335,00",8/7/19,
KPF,VN000000KPF0,BBG00C854RL6,Công ty Cổ phần Đầu tư Tài sản Koji,"60.867.241,00","60.867.241,00",18/02/2016,
KSB,VN000000KSB3,BBG000H9ZHS5,Công ty Cổ phần Khoáng sản và Xây dựng Bình Dương,"76.631.202,00","76.295.802,00",17/12/2009,
L10,VN000000L102,BBG000V0CJ18,Công ty Cổ phần Lilama 10,"9.890.000,00","9.790.000,00",11/12/07,
LAF,VN000000LAF0,BBG000MBB1G8,Công ty Cổ phần Chế biến Hàng xuất khẩu Long An,"14.728.019,00","14.728.019,00",11/12/00,
LBM,VN000000LBM4,BBG000QK5411,Công ty Cổ phần Khoáng sản và Vật liệu Xây dựng Lâm Đồng,"20.000.000,00","20.000.000,00",30/11/2006,
LCG,VN000000LCG4,BBG000RDD989,Công ty Cổ phần Lizen,"191.641.170,00","189.640.832,00",17/10/2008,
LCM,VN000000LCM2,BBG00227Y410,Công ty Cổ phần Khai thác và Chế biến Khoáng sản Lào Cai,"0,00","24.632.809,00",8/9/11,
LDG,VN000000LDG2,BBG009RRQXY3,Công ty Cổ phần Đầu tư LDG,"256.972.585,00","256.207.345,00",5/8/15,
LEC,VN000000LEC9,BBG00GW0PK42,Công ty Cổ phần Bất động sản Điện lực Miền Trung,"26.100.000,00","26.100.000,00",5/6/17,
LGC,VN000000LGC4,BBG000QMWHL6,Công ty Cổ phần Đầu tư Cầu Đường CII,"192.854.765,00","192.854.765,00",29/11/2006,
LGL,VN000000LGL5,BBG000PLL5F4,Công ty Cổ phần Đầu tư và Phát triển Đô thị Long Giang,"51.500.000,00","51.497.100,00",23/09/2009,
LHG,VN000000LHG3,BBG000QJKXD0,Công ty Cổ phần Long Hậu,"50.012.010,00","50.012.010,00",15/03/2010,
LIX,VN000000LIX6,BBG000PZ8L63,Công ty Cổ phần Bột giặt LIX,"32.400.000,00","32.400.000,00",1/12/09,
LM8,VN000000LM88,BBG0018PZ512,Công ty Cổ phần Lilama 18,"9.388.682,00","9.388.682,00",5/11/10,
LPB,VN000000LPB7,BBG00HVMW0G6,Ngân hàng Thương mại Cổ phần Bưu điện Liên Việt,"1.729.105.369,00","1.729.105.369,00",14/10/2020,
LSS,VN000000LSS5,BBG000PC7XS5,Công ty Cổ phần Mía đường Lam Sơn,"74.547.993,00","74.547.993,00",21/12/2007,
MBB,VN000000MBB5,BBG00270VT27,Ngân hàng Thương mại Cổ phần Quân Đội,"5.214.084.052,00","5.214.084.052,00",18/10/2011,
MCP,VN000000MCP3,BBG000QMWKF6,Công ty Cổ phần In và Bao bì Mỹ Châu,"15.071.337,00","15.052.615,00",18/12/2006,
MDG,VN000000MDG0,BBG001D1BJD2,Công ty Cổ phần Miền Đông,"10.889.031,00","10.324.781,00",5/1/11,
MHC,VN000000MHC0,BBG000BX72W7,Công ty Cổ phần MHC,"41.406.964,00","41.406.844,00",31/12/2004,
MIG,VN000000MIG9,BBG00GKB6R65,Tổng Công ty Cổ phần Bảo hiểm Quân đội,"164.450.000,00","164.450.000,00",30/12/2020,
MSB,VN000000MSB9,BBG00QYKTX60,Ngân hàng Thương mại Cổ phần Hàng Hải Việt Nam,"2.000.000.000,00","2.000.000.000,00",14/12/2020,
MSH,VN000000MSH6,BBG001BRND56,Công ty Cổ phần May Sông Hồng,"75.014.100,00","75.014.100,00",20/11/2018,
MSN,VN000000MSN4,BBG000PSPMZ6,Công ty Cổ phần Tập đoàn MaSan,"1.430.843.406,00","1.430.843.406,00",30/10/2009,
MWG,VN000000MWG0,BBG006S6NN42,Công ty Cổ phần Đầu tư Thế Giới Di Động,"1.463.376.716,00","1.462.560.047,00",7/7/14,
NAF,VN000000NAF6,BBG00B40DT75,Công ty Cổ phần Nafoods Group,"50.564.152,00","50.564.090,00",28/09/2015,
NAV,VN000000NAV3,BBG000QMCVS0,Công ty Cổ phần Nam Việt,"8.000.000,00","7.999.980,00",30/11/2006,
NBB,VN000000NBB3,BBG000TJKMX9,Công ty Cổ phần Đầu tư Năm Bảy Bảy,"100.475.656,00","100.159.795,00",20/11/2008,
NCT,VN000000NCT3,BBG007R0PVT7,Công ty Cổ phần Dịch vụ Hàng hóa Nội Bài,"26.166.940,00","26.165.732,00",9/12/14,
NHA,VN000000NHA2,BBG000R55T36,Tổng Công ty Đầu tư Phát triển Nhà và Đô thị Nam Hà Nội,"42.174.520,00","42.174.520,00",30/12/2020,
NHH,VN000000NHH7,BBG003TLVXY1,Công ty Cổ phần Nhựa Hà Nội,"72.880.000,00","72.880.000,00",22/11/2019,
NHT,VN000000NHT2,BBG00JCQFF52,Công ty Cổ phần Sản xuất và Thương mại Nam Hoa,"24.028.169,00","24.003.698,00",29/10/2021,
NKG,VN000000NKG3,BBG001D63Y10,Công ty Cổ phần Thép Nam Kim,"263.277.806,00","263.277.806,00",10/1/11,
NLG,VN000000NLG1,BBG0042V8NP4,Công ty Cổ phần Đầu tư Nam Long,"384.080.300,00","384.080.300,00",25/01/2013,
NNC,VN000000NNC6,BBG000R1SNF0,Công ty Cổ phần Đá Núi Nhỏ,"21.920.000,00","21.920.000,00",10/6/10,
NO1,VN000000NO19,BBG01B0G2880,Công ty Cổ phần Tập đoàn 911,"24.000.000,00","24.000.000,00",4/10/22,
NSC,VN000000NSC5,BBG000QLW9H1,Công ty Cổ phần Tập đoàn Giống cây trồng Việt Nam,"17.586.988,00","17.574.516,00",1/12/06,
NT2,VN000000NT22,BBG0014KNPX1,Công ty Cổ phần Điện lực Dầu khí Nhơn Trạch 2,"287.876.029,00","287.876.029,00",2/6/15,
NTL,VN000000NTL4,BBG000RHYFY4,Công ty Cổ phần Phát triển Đô thị Từ Liêm,"60.989.950,00","60.989.950,00",6/12/07,
NVL,VN000000NVL0,BBG00FM8NC93,Công ty Cổ phần Tập đoàn Đầu tư Địa ốc No Va,"1.950.104.538,00","1.950.104.538,00",19/12/2016,
NVT,VN000000NVT3,BBG000QTW822,Công ty Cổ phần Bất động sản Du lịch Ninh Vân Bay,"90.500.000,00","90.500.000,00",28/04/2010,
OCB,VN0000000CB9,BBG000BVF7P9,Ngân hàng Thương mại Cổ phần Phương Đông,"1.369.882.863,00","1.369.882.863,00",29/12/2020,
OGC,VN000000OGC8,BBG000QSB710,Công ty Cổ phần Tập đoàn Đại Dương,"300.000.000,00","299.999.999,00",16/04/2010,
OPC,VN000000OPC9,BBG000JVXFJ0,Công ty Cổ phần Dược phẩm OPC,"64.050.892,00","64.050.892,00",20/10/2008,
ORS,VN000000ORS1,BBG000WH5HX7,Công ty Cổ phần Chứng khoán Tiên Phong,"200.000.000,00","200.000.000,00",7/10/21,
PAC,VN000000PAC8,BBG000QGMCJ4,Công ty Cổ phần Pin Ắc quy miền Nam,"46.471.707,00","46.471.707,00",9/11/06,
PAN,VN000000PAN5,BBG000QRH9P6,Công ty Cổ phần Tập đoàn PAN,"216.294.580,00","208.894.750,00",18/11/2010,
PC1,VN000000PC11,BBG00F86YRM3,Công ty Cổ phần Tập đoàn PC1,"270.433.002,00","270.433.002,00",9/11/16,
PDN,VN000000PDN9,BBG000RD0BX0,Công ty Cổ phần Cảng Đồng Nai,"37.043.908,00","37.043.908,00",4/8/11,
PDR,VN000000PDR0,BBG000BG7XL8,Công ty Cổ phần Phát triển Bất động sản Phát Đạt,"671.646.219,00","671.646.219,00",22/07/2010,
PET,VN000000PET4,BBG000T6PR07,Tổng Công ty Cổ phần Dịch vụ Tổng hợp Dầu khí,"99.431.997,00","98.819.297,00",13/08/2007,
PGC,VN000000PGC5,BBG000BP5NJ5,Tổng Công ty Gas Petrolimex - Công ty Cổ phần,"60.342.638,00","60.339.285,00",20/10/2006,
PGD,VN000000PGD3,BBG000PXC513,Công ty Cổ phần Phân phối Khí thấp áp Dầu khí Việt Nam,"89.999.025,00","98.997.311,00",19/11/2009,
PGI,VN000000PGI2,BBG001QZL5G9,Tổng Công ty Cổ phần Bảo hiểm Petrolimex,"110.896.796,00","110.896.796,00",8/6/11,
PGV,VN000000PGV5,BBG00KBCSPQ2,Tổng Công ty Phát điện 3 - Công ty Cổ phần,"1.123.468.046,00","1.123.468.046,00",29/12/2021,
PHC,VN000000PHC3,BBG000PSQL14,Công ty Cổ phần Xây dựng Phục Hưng Holdings,"50.602.094,00","50.681.927,00",12/9/18,
PHR,VN000000PHR1,BBG000V0C1P1,Công ty Cổ phần Cao su Phước Hòa,"135.499.198,00","135.499.198,00",4/8/09,
PIT,VN000000PIT5,BBG000PMW935,Công ty Cổ phần Xuất nhập khẩu Petrolimex,"15.199.345,00","14.210.225,00",9/1/08,
PJT,VN000000PJT3,BBG000QMWMJ8,Công ty Cổ phần Vận tải Xăng dầu Đường thủy Petrolimex,"23.040.717,00","23.040.717,00",11/12/06,
PLP,VN000000PLP7,BBG00H44X8M1,Công ty Cổ phần Sản xuất và Công nghệ Nhựa Pha Lê,"70.000.000,00","69.999.847,00",11/8/17,
PLX,VN000000PLX1,BBG00GGRY2V1,Tập đoàn Xăng dầu Việt Nam,"1.293.878.081,00","1.270.592.235,00",14/04/2017,
PMG,VN000000PMG4,BBG00JN3TXJ2,Công ty Cổ phần Đầu tư và Sản xuất Petro Miền Trung,"46.336.278,00","46.336.278,00",27/12/2017,
PNC,VN000000PNC1,BBG000CXCXK5,Công ty Cổ phần Văn hóa Phương Nam,"11.040.241,00","10.799.351,00",21/06/2005,
PNJ,VN000000PNJ6,BBG000BX74C5,Công ty Cổ phần Vàng bạc Đá quý Phú Nhuận,"328.169.188,00","327.999.629,00",26/12/2008,
POM,VN000000POM8,BBG000QR9N83,Công ty Cổ phần Thép POMINA,"279.676.336,00","278.543.546,00",7/4/10,
POW,VN000000POW7,BBG00K6T4ZV9,Tổng Công ty Điện lực Dầu khí Việt Nam - CTCP,"2.341.871.600,00","2.341.871.600,00",17/12/2018,
PPC,VN000000PPC6,BBG000QQYWZ7,Công ty Cổ phần Nhiệt điện Phả Lại,"326.235.000,00","320.613.054,00",17/01/2007,
PSH,VN000000PSH9,BBG00V2KB9L9,Công ty Cổ phần Thương mại Đầu tư Dầu khí Nam Sông Hậu,"126.196.780,00","126.169.780,00",19/05/2020,
PTB,VN000000PTB0,BBG001QBKQG7,Công ty Cổ phần Phú Tài,"68.038.403,00","66.938.403,00",20/05/2011,
PTC,VN000000PTC8,BBG000P5S9B8,Công ty Cổ phần Đầu tư iCapital,"32.307.324,00","32.191.624,00",8/12/08,
PTL,VN000000PTL9,BBG001645YS2,Công ty Cổ phần Victory Capital,"100.000.000,00","98.865.080,00",15/09/2010,
PVD,VN000000PVD2,BBG000QFVBX2,Tổng Công ty Cổ phần Khoan và Dịch vụ Khoan Dầu khí,"556.296.006,00","555.880.006,00",15/11/2006,
PVP,VN000000PVP6,BBG00FJ8XTK6,Công ty Cổ phần Vận tải Dầu khí Thái Bình Dương,"94.275.028,00","94.275.028,00",26/12/2022,
PVT,VN000000PVT8,BBG000LZ5FZ1,Tổng Công ty Cổ phần Vận tải Dầu khí,"323.651.246,00","323.651.246,00",27/11/2007,
PXS,VN000000PXS6,BBG000QZ8Z07,Công ty Cổ phần Kết cấu Kim loại và Lắp máy Dầu khí,"0,00","59.999.998,00",27/05/2010,
QBS,VN000000QBS0,BBG007H4BS94,Công ty Cổ phần Xuất Nhập khẩu Quảng Bình,"69.329.928,00","69.329.928,00",4/11/14,
QCG,VN000000QCG3,BBG000JVZTR9,Công ty Cổ phần Quốc Cường Gia Lai,"275.129.310,00","275.129.141,00",27/07/2010,
RAL,VN000000RAL5,BBG000QFVDC1,Công ty Cổ phần Bóng đèn Phích nước Rạng Đông,"23.547.419,00","23.547.419,00",23/10/2006,
RDP,VN000000RDP0,BBG000PBYT51,Công ty Cổ phần Rạng Đông Holding,"49.069.803,00","49.069.803,00",21/08/2009,
REE,VN000000REE2,BBG000Q5Y2H9,Công ty Cổ phần Cơ Điện Lạnh,"409.714.260,00","408.706.345,00",18/07/2000,
ROS,VN000000ROS1,BBG00DQ063Z1,Công ty Cổ phần Xây dựng FLC FAROS,"0,00","567.598.121,00",24/08/2016,
S4A,VN000000S4A5,BBG00CSQ4NB8,Công ty Cổ phần Thủy điện Sê San 4A,"42.200.000,00","42.200.000,00",26/04/2016,
SAB,VN000000SAB4,BBG000V9NP31,Tổng Công ty Cổ phần Bia – Rượu – Nước giải khát Sài Gòn,"641.281.186,00","641.281.186,00",25/11/2016,
SAM,VN000000SAM1,BBG000Q1YHR4,Công ty Cổ phần SAM Holdings,"379.960.971,00","379.960.971,00",18/07/2000,
SAV,VN000000SAV2,BBG000MC1X95,Công ty Cổ phần Hợp tác Kinh tế và Xuất nhập khẩu Savimex,"18.363.175,00","17.967.405,00",26/04/2002,
SBA,VN000000SBA4,BBG000QVRG16,Công ty Cổ phần Sông Ba,"60.488.261,00","60.488.261,00",28/04/2010,
SBT,VN000000SBT4,BBG000DWVH11,Công ty Cổ phần Thành Thành Công - Biên Hòa,"740.500.993,00","740.500.993,00",25/02/2008,
SBV,VN000000SBV0,BBG00DR8HYH3,Công ty Cổ phần Siam Brothers Việt Nam,"27.366.476,00","27.323.976,00",3/5/17,
SC5,VN000000SC59,BBG000QWQNK9,Công ty Cổ phần Xây dựng Số 5,"14.984.550,00","14.983.499,00",10/4/07,
SCD,VN000000SCD6,BBG000QMWS69,Công ty Cổ phần Nước giải khát Chương Dương,"8.500.000,00","8.477.640,00",12/11/06,
SCR,VN000000SCR6,BBG0018DKFN9,Công ty Cổ phần Địa ốc Sài Gòn Thương Tín,"395.661.775,00","395.661.775,00",6/10/16,
SCS,VN000000SCS4,BBG00H5KYJR4,Công ty Cổ phần Dịch vụ Hàng hóa Sài Gòn,"94.379.182,00","94.379.182,00",26/06/2018,
SFC,VN000000SFC1,BBG000PQF917,Công ty Cổ phần Nhiên liệu Sài Gòn,"11.291.459,00","11.234.819,00",16/06/2004,
SFG,VN000000SFG2,BBG007KCPRX2,Công ty Cổ phần Phân bón Miền Nam,"47.897.333,00","47.897.333,00",17/11/2014,
SFI,VN000000SFI8,BBG000QN56H3,Công ty Cổ phần Đại lý Vận tải SAFI,"23.816.046,00","22.086.034,00",8/12/06,
SGN,VN000000SGN6,BBG00BL5GNC9,Công ty Cổ phần Phục vụ Mặt đất Sài Gòn,"33.581.691,00","33.533.591,00",4/7/18,
SGR,VN000000SGR7,BBG008MWKWZ6,Công ty Cổ phần Tổng Công ty Cổ phần Địa ốc Sài Gòn,"60.000.000,00","59.999.989,00",21/12/2017,
SGT,VN000000SGT3,BBG000V38SM4,Công ty Cổ phần Công nghệ Viễn thông Sài Gòn,"148.003.518,00","148.003.208,00",10/1/08,
SHA,VN000000SHA1,BBG003TTCWX8,Công ty Cổ phần Sơn Hà Sài Gòn,"33.446.675,00","33.446.675,00",27/09/2016,
SHB,VN000000SHB9,BBG000G88YK9,Ngân hàng TMCP Sài Gòn – Hà Nội,"3.067.383.196,00","3.618.901.927,00",20/09/2021,
SHI,VN000000SHI4,BBG000Q3SY27,Công ty Cổ phần Quốc tế Sơn Hà,"162.176.449,00","161.857.589,00",23/12/2009,
SHP,VN000000SHP9,BBG0015Y8H38,Công ty Cổ phần Thủy điện Miền Nam,"101.206.352,00","101.206.352,00",14/07/2014,
SIP,VN000000SIP7,BBG00PBQWN53,Công ty Cổ phần Đầu tư Sài Gòn VRG,"90.904.146,00","90.904.146,00",29/06/2023,
SJD,VN000000SJD1,BBG000QMWZB7,Công ty Cổ phần Thủy điện Cần Đơn,"68.998.620,00","68.998.620,00",11/12/06,
SJF,VN000000SJF6,BBG00H0JKDH1,Công ty Cổ phần Đầu tư Sao Thái Dương,"79.200.000,00","79.200.000,00",19/06/2017,
SJS,VN000000SJS9,BBG000PT9TZ7,Công ty Cổ phần Đầu tư Phát triển Đô thị và Khu công nghiệp Sông Đà,"114.855.540,00","113.897.480,00",11/5/06,
SKG,VN000000SKG2,BBG006JBZKR9,Công ty Cổ phần Tàu cao tốc Superdong – Kiên Giang,"63.331.735,00","63.331.735,00",16/05/2014,
SMA,VN000000SMA1,BBG00170KPB9,Công ty Cổ phần Thiết bị Phụ tùng Sài Gòn,"20.352.836,00","20.352.836,00",23/09/2010,
SMB,VN000000SMB9,BBG0014WQCL4,Công ty Cổ phần Bia Sài Gòn - Miền Trung,"29.846.648,00","29.846.648,00",27/06/2018,
SMC,VN000000SMC7,BBG000DNHW50,Công ty Cổ phần Đầu tư Thương mại SMC,"73.678.587,00","73.606.837,00",29/09/2006,
SPM,VN000000SPM9,BBG000BXHW05,Công ty Cổ phần SPM,"14.000.000,00","13.770.000,00",7/5/10,
SRC,VN000000SRC6,BBG000BDVD96,Công ty Cổ phần Cao su Sao Vàng,"28.065.765,00","28.063.368,00",23/09/2009,
SRF,VN000000SRF9,BBG000D0BT26,Công ty Cổ phần SEAREFICO,"35.566.780,00","33.786.780,00",5/10/09,
SSB,VN000000SSB6,BBG009CXDMM7,Ngân hàng Thương mại Cổ phần Đông Nam Á,"2.453.700.000,00","2.453.700.000,00",30/12/2020,
SSC,VN000000SSC4,BBG000Q5LYX5,Công ty Cổ phần Giống Cây trồng Miền Nam,"14.992.367,00","13.271.785,00",29/12/2004,
SSI,VN000000SSI1,BBG000BN4F44,Công ty Cổ phần Chứng khoán SSI,"1.491.130.137,00","1.499.138.669,00",18/10/2007,
ST8,VN000000ST84,BBG000V0CKG9,Công ty Cổ phần Đầu tư Phát triển ST8,"25.720.902,00","25.720.902,00",10/12/07,
STB,VN000000STB4,BBG000D7H4Y5,Ngân hàng Thương mại Cổ phần Sài Gòn Thương Tín,"1.885.215.716,00","1.885.215.716,00",2/6/06,
STG,VN000000STG3,BBG000QCZXG6,Công ty Cổ phần Kho vận Miền Nam,"98.253.357,00","98.253.357,00",4/2/10,
STK,VN000000STK5,BBG00B06W3Q1,Công ty Cổ phần Sợi Thế Kỷ,"96.636.924,00","94.095.274,00",10/9/15,
SVC,VN000000SVC8,BBG000QRLCQ3,Công ty Cổ phần Dịch vụ Tổng hợp Sài Gòn,"66.630.564,00","66.620.064,00",27/05/2009,
SVD,VN000000SVD6,BBG00YNMBPM9,Công ty Cổ phần Đầu tư & Thương mại Vũ Đăng,"27.605.908,00","27.605.908,00",23/12/2020,
SVI,VN000000SVI5,BBG000GN2XC3,Công ty Cổ phần Bao bì Biên Hòa,"12.832.437,00","12.832.437,00",5/3/12,
SVT,VN000000SVT2,BBG0022D5X60,Công ty Cổ phần Công nghệ Sài Gòn Viễn Đông,"15.053.369,00","15.053.369,00",26/07/2011,
SZC,VN000000SZC9,BBG00FM26TY0,Công ty Cổ phần Sonadezi Châu Đức,"100.000.000,00","119.999.961,00",18/12/2018,
SZL,VN000000SZL0,BBG000BNY437,Công ty Cổ phần Sonadezi Long Thành,"20.000.000,00","18.190.900,00",15/08/2008,
TBC,VN000000TBC8,BBG000QRLW98,Công ty Cổ phần Thủy điện Thác Bà,"63.500.000,00","63.500.000,00",25/09/2009,
TCB,VN000000TCB8,BBG000CD0060,Ngân hàng TMCP Kỹ Thương Việt Nam,"3.517.238.514,00","3.517.238.514,00",22/05/2018,
TCD,VN000000TCD4,BBG00GQKNWX9,Công ty Cổ phần Đầu tư Phát triển Công nghiệp và Vận tải,"282.680.804,00","282.680.804,00",17/05/2017,
TCH,VN000000TCH5,BBG00DVPC846,Công ty Cổ phần Đầu tư Dịch vụ Tài chính Hoàng Huy,"668.215.843,00","668.215.843,00",15/09/2016,
TCL,VN000000TCL7,BBG000Q2M911,Công ty Cổ phần Đai lý Giao nhận Vận tải Xếp dỡ Tân Cảng,"30.158.436,00","30.158.436,00",11/12/09,
TCM,VN000000TCM5,BBG000TJ58L0,Công ty Cổ phần Dệt may - Đầu tư - Thương mại Thành Công,"82.047.127,00","81.946.677,00",5/10/07,
TCO,VN000000TCO1,BBG000PGSY38,Công ty Cổ phần Vận tải Đa phương thức Duyên Hải,"18.711.000,00","18.711.000,00",8/2/12,
TCR,VN000000TCR4,BBG000QN5CR9,Công ty Cổ phần Công nghiệp Gốm sứ TAICERA,"10.373.190,00","45.425.142,00",26/12/2006,
TCT,VN000000TCT0,BBG000KQRJV4,Công ty Cổ phần Cáp treo Núi Bà Tây Ninh,"12.788.000,00","12.788.000,00",14/01/2016,
TDC,VN000000TDC4,BBG000QSB5B3,Công ty Cổ phần Kinh doanh và Phát triển Bình Dương,"100.000.000,00","100.000.000,00",16/04/2010,
TDG,VN000000TDG5,BBG00G268MD7,Công ty Cổ phần Đầu tư TDG GLOBAL,"18.446.831,00","18.446.831,00",6/6/17,
TDH,VN000000TDH3,BBG000QGMH85,Công ty Cổ phần Phát triển Nhà Thủ Đức,"112.652.767,00","112.652.767,00",23/11/2006,
TDM,VN000000TDM3,BBG00CLB4K33,Công ty Cổ phần Nước Thủ Dầu Một,"100.000.000,00","100.000.000,00",5/10/18,
TDP,VN000000TDP6,BBG00MH6QRJ1,Công ty Cổ phần Thuận Đức,"75.527.993,00","75.527.993,00",24/07/2020,
TDW,VN000000TDW2,BBG0016TLPP1,Công ty Cổ phần Cấp nước Thủ Đức,"8.500.000,00","8.500.000,00",17/09/2010,
TEG,VN000000TEG3,BBG00BNVD569,Công ty Cổ phần Năng lượng và Bất động sản Trường Thành,"72.806.562,00","72.806.562,00",28/12/2017,
TGG,VN000000TGG8,BBG00KXBGZ72,Công ty Cổ phần The Golden Group,"27.299.990,00","27.299.990,00",9/5/18,
THG,VN000000THG6,BBG001XQ0HG8,Công ty Cổ phần Đầu tư và Xây dựng Tiền Giang,"22.957.896,00","22.957.896,00",28/04/2011,
TIP,VN000000TIP5,BBG00CG5Y5W0,Công ty Cổ phần Phát triển Khu Công nghiệp Tín Nghĩa,"65.007.857,00","65.007.857,00",9/3/16,
TIX,VN000000TIX9,BBG000PXMLY1,Công ty Cổ phần Sản xuất Kinh doanh XNK Dịch vụ và Đầu tư Tân Bình,"30.000.000,00","30.000.000,00",17/11/2009,
TLD,VN000000TLD5,BBG00JDRR4H8,Công ty Cổ phần Đầu tư Xây dựng và Phát triển Đô thị Thăng Long,"74.752.586,00","74.752.586,00",29/11/2017,
TLG,VN000000TLG8,BBG000QBPNQ0,Công ty Cổ phần Tập đoàn Thiên Long,"77.794.453,00","77.794.453,00",2/2/10,
TLH,VN000000TLH6,BBG000QHNX96,Công ty Cổ phần Tập đoàn Thép Tiến Lên,"112.320.017,00","112.320.017,00",4/3/10,
TMP,VN000000TMP7,BBG000DBGXX4,Công ty Cổ phần Thủy điện Thác Mơ,"70.000.000,00","70.000.000,00",8/6/09,
TMS,VN000000TMS1,BBG000MB9N73,Công ty Cổ phần Transimex,"121.749.845,00","121.738.226,00",2/8/00,
TMT,VN000000TMT9,BBG000Q6C334,Công ty Cổ phần Ô tô TMT,"37.287.680,00","36.877.980,00",15/01/2010,
TN1,VN000000TN14,BBG00NLC3782,Công ty Cổ phần Thương mại Dịch vụ TNS Holdings,"49.665.950,00","49.665.950,00",13/03/2019,
TNA,VN000000TNA7,BBG000CXD179,Công ty Cổ phần Thương mại Xuất nhập khẩu Thiên Nam,"49.576.264,00","49.231.310,00",4/5/05,
TNC,VN000000TNC3,BBG000DW4B05,Công ty Cổ phần Cao su Thống Nhất,"19.250.000,00","19.250.000,00",7/8/07,
TNH,VN000000TNH2,BBG00YPRV2W4,Công ty Cổ phần Bệnh viện Quốc tế Thái Nguyên,"95.874.610,00","95.874.610,00",23/12/2020,
TNI,VN000000TNI0,BBG00GBHZSF8,Công ty Cổ phần Tập đoàn Thành Nam,"52.500.000,00","52.500.000,00",22/05/2017,
TNT,VN000000TNT7,BBG000QXTX77,Công ty Cổ phần Tập đoàn TNT,"51.000.000,00","51.000.000,00",14/05/2010,
TPB,VN000000TPB0,BBG00KFL4BS3,Ngân hàng Thương mại Cổ phần Tiên Phong,"2.201.635.009,00","2.201.635.009,00",22/03/2018,
TPC,VN000000TPC8,BBG000BQFGH9,Công ty Cổ phần Nhựa Tân Đại Hưng,"24.430.596,00","22.516.956,00",20/11/2007,
TRA,VN000000TRA8,BBG000JVVR33,Công ty Cổ phần Traphaco,"41.453.673,00","41.450.540,00",12/11/08,
TRC,VN000000TRC4,BBG000BYJ1C6,Công ty Cổ phần Cao su Tây Ninh,"30.000.000,00","29.125.000,00",17/07/2007,
TSC,VN000000TSC2,BBG000TGKR64,Công ty Cổ phần Vật tư Kỹ thuật Nông nghiệp Cần Thơ,"196.858.925,00","196.858.925,00",24/09/2007,
TTA,VN000000TTA4,BBG00WWCQWC5,Công ty Cổ phần Đầu tư Xây dựng và Phát triển Trường Thành,"170.057.593,00","170.057.593,00",18/08/2020,
TTB,VN000000TTB2,BBG007YXYQQ1,Công ty Cổ phần Tập đoàn Tiến Bộ,"101.509.583,00","101.509.583,00",26/07/2018,
TTE,VN000000TTE6,BBG00MNX51V1,Công ty Cổ phần Đầu tư Năng lượng Trường Thịnh,"28.490.400,00","28.490.400,00",26/11/2018,
TTF,VN000000TTF3,BBG000TFT0R3,Công ty Cổ phần Tập đoàn Kỹ nghệ Gỗ Trường Thành,"393.548.302,00","393.532.487,00",1/2/08,
TV2,VN000000TV22,BBG000PMVHJ1,Công ty Cổ phần Tư vấn Xây dựng Điện 2,"67.526.165,00","67.526.165,00",22/04/2019,
TVB,VN000000TVB8,BBG009DCDKK8,Công ty Cổ phần Chứng khoán Trí Việt,"112.097.019,00","112.097.019,00",13/06/2018,
TVS,VN000000TVS2,BBG007TK6KJ7,Công ty Cổ phần Chứng khoán Thiên Việt,"151.314.672,00","151.314.672,00",25/12/2014,
TVT,VN000000TVT0,BBG00H2CNJ06,Tổng Công ty Việt Thắng - CTCP,"21.000.000,00","21.000.000,00",27/06/2017,
TYA,VN000000TYA4,BBG000DCXFT7,Công ty Cổ phần Dây và Cáp điện Taya Việt Nam,"6.134.773,00","30.680.582,00",12/2/05,
UIC,VN000000UIC1,BBG000TW05T4,Công ty Cổ phần Đầu tư Phát triển Nhà và Đô thị IDICO,"8.000.000,00","8.000.000,00",31/10/2007,
VAF,VN000000VAF9,BBG009BCLYM9,Công ty Cổ phần Phân lân Nung chảy Văn Điển,"37.665.348,00","37.665.348,00",21/05/2015,
VCA,VN000000VCA6,BBG000TRCXM8,Công ty Cổ phần Thép VICASA - VNSTEEL,"15.187.322,00","15.187.322,00",30/12/2020,
VCB,VN000000VCB4,BBG000BM8HL9,Ngân hàng TMCP Ngoại Thương Việt Nam,"4.732.516.571,00","5.589.091.262,00",12/6/09,
VCF,VN000000VCF5,BBG001F4FT84,Công ty Cổ phần VINACAFÉ Biên Hòa,"26.579.135,00","26.579.135,00",21/01/2011,
VCG,VN000000VCG3,BBG000BLCJY8,Tổng Công ty Cổ phần Xuất nhập khẩu và Xây dựng Việt Nam,"534.465.514,00","534.465.514,00",16/12/2020,
VCI,VN000000VCI9,BBG0073XTVS8,Công ty Cổ phần Chứng khoán VIETCAP,"437.500.000,00","437.500.000,00",30/06/2017,
VDP,VN000000VDP2,BBG00H5S8Y48,Công ty Cổ phần Dược phẩm Trung Ương Vidipha,"16.831.904,00","16.831.904,00",27/07/2017,
VDS,VN000000VDS6,BBG000VVXNW4,Công ty Cổ phần Chứng khoán Rồng Việt,"210.000.000,00","210.000.000,00",29/06/2017,
VFG,VN000000VFG6,BBG000Q13YK8,Công ty Cổ phần Khử trùng Việt Nam,"41.714.614,00","41.712.614,00",11/12/09,
VGC,VN000000VGC3,BBG003QTXY19,Tổng Công ty Viglacera - CTCP,"448.350.000,00","448.350.000,00",26/04/2019,
VHC,VN000000VHC1,BBG000V0W6Y8,Công ty Cổ phần Vĩnh Hoàn,"183.376.956,00","183.376.956,00",7/12/07,
VHM,VN000000VHM0,BBG00KMYS8Q0,Công ty Cổ phần Vinhomes,"4.354.367.488,00","4.354.367.488,00",7/5/18,
VIB,VN000000VIB1,BBG00FP4X0Q5,Ngân hàng Thương mại Cổ phần Quốc tế Việt Nam,"2.536.807.534,00","2.536.807.534,00",16/10/2020,
VIC,VN000000VIC9,BBG000TD3TM8,Tập đoàn Vingroup - Công ty Cổ phần,"3.813.935.561,00","3.813.935.561,00",7/9/07,
VID,VN000000VID7,BBG000QMX6H4,Công ty Cổ phần Đầu tư Phát triển Thương mại Viễn Đông,"40.836.069,00","40.836.069,00",12/7/06,
VIP,VN000000VIP1,BBG000QGPMH1,Công ty Cổ phần Vận tải Xăng dầu VIPCO,"68.470.941,00","68.470.941,00",9/11/06,
VIX,VN000000VIX5,BBG000Q3LMW7,Công ty Cổ phần Chứng khoán VIX,"669.444.725,00","669.444.725,00",23/12/2020,
VJC,VN000000VJC7,BBG00FPBTP52,Công ty Cổ phần Hàng không VietJet,"541.611.334,00","541.611.334,00",6/2/17,
VMD,VN000000VMD9,BBG0014VX2F7,Công ty Cổ phần Y Dược phẩm Vimedimex,"15.440.268,00","15.440.268,00",17/08/2010,
VND,VN000000VND7,BBG000QK2110,Công ty Cổ phần Chứng khoán VNDIRECT,"1.217.844.009,00","1.217.844.009,00",10/8/17,
VNE,VN000000VNE5,BBG000RTSN50,Tổng Công ty Cổ phần Xây dựng Điện Việt Nam,"90.432.953,00","81.934.033,00",1/8/07,
VNG,VN000000VNG0,BBG000Q08635,Công ty Cổ phần Du lịch Thành Thành Công,"97.276.608,00","97.276.608,00",30/11/2009,
VNL,VN000000VNL0,BBG000NX0H67,Công ty Cổ phần Logistics Vinalink,"9.427.000,00","14.140.487,00",10/8/09,
VNM,VN000000VNM8,BBG000BF6NK4,Công ty Cổ phần Sữa Việt Nam,"2.089.955.445,00","2.089.955.445,00",28/12/2005,
VNS,VN000000VNS5,BBG000HG0KH2,Công ty Cổ phần Ánh Dương Việt Nam,"67.859.192,00","67.859.192,00",23/07/2008,
VOS,VN000000VOS3,BBG0015NLBK1,Công ty Cổ phần Vận tải Biển Việt Nam,"140.000.000,00","140.000.000,00",30/08/2010,
VPB,VN000000VPB6,BBG00GT7TTC9,Ngân hàng TMCP Việt Nam Thịnh Vượng,"6.743.423.601,00","6.713.204.001,00",8/8/17,
VPD,VN000000VPD2,BBG00CMXYXQ8,Công ty Cổ phần Phát triển Điện lực Việt Nam,"106.589.629,00","106.589.629,00",25/12/2017,
VPG,VN000000VPG5,BBG00HK82J35,Công ty Cổ phần Đầu tư Thương mại Xuất nhập khẩu Việt Phát,"84.207.071,00","84.207.071,00",27/12/2017,
VPH,VN000000VPH3,BBG000P65NG5,Công ty Cổ phần Vạn Phát Hưng,"95.357.800,00","95.357.800,00",31/08/2009,
VPI,VN000000VPI1,BBG00JC6HXV6,Công ty Cổ phần Đầu tư Văn Phú - Invest,"241.999.617,00","241.999.617,00",31/05/2018,
VPS,VN000000VPS0,BBG009RT5X54,Công ty Cổ phần Thuốc sát trùng Việt Nam,"24.460.792,00","24.460.792,00",4/8/15,
VRC,VN000000VRC0,BBG000PYVR12,Công ty Cổ phần Bất động sản và Đầu tư VRC,"50.000.000,00","50.000.000,00",19/07/2010,
VRE,VN000000VRE6,BBG00HY225V2,Công ty Cổ phần Vincom Retail,"2.328.818.410,00","2.272.318.410,00",25/10/2017,
VSC,VN000000VSC8,BBG000V1Z2S9,Công ty Cổ phần Container Việt Nam,"121.269.397,00","121.269.397,00",12/12/07,
VSH,VN000000VSH7,BBG000KLZ2K5,Công ty Cổ phần Thủy điện Vĩnh Sơn - Sông Hinh,"236.241.246,00","236.241.246,00",28/06/2006,
VSI,VN000000VSI5,BBG001BLD8V2,Công ty Cổ phần Đầu tư và Xây dựng Cấp thoát nước,"13.200.000,00","13.199.997,00",1/12/10,
VTB,VN000000VTB8,BBG000QMXCB7,Công ty Cổ phần Viettronics Tân Bình,"11.982.050,00","10.804.520,00",8/12/06,
VTO,VN000000VTO1,BBG000TH61W6,Công ty Cổ phần Vận tải Xăng dầu VITACO,"79.866.666,00","79.866.666,00",1/10/07,
YBM,VN000000YBM7,BBG00LPN2JJ1,Công ty Cổ phần Khoáng sản Công nghiệp Yên Bái,"14.299.880,00","14.299.880,00",10/8/18,
YEG,VN000000YEG3,BBG00KZYHN85,Công ty Cổ phần Tập đoàn Yeah1,"31.279.968,00","31.279.968,00",19/06/2018,